{
    "name": "Global Information",
    "numberOfRequests": {
        "total": 371804,
        "ok": 93572,
        "ko": 278232
    },
    "minResponseTime": {
        "total": 2,
        "ok": 2,
        "ko": 19
    },
    "maxResponseTime": {
        "total": 104185,
        "ok": 103462,
        "ko": 104185
    },
    "meanResponseTime": {
        "total": 44965,
        "ok": 16581,
        "ko": 54511
    },
    "standardDeviation": {
        "total": 31022,
        "ok": 24448,
        "ko": 26887
    },
    "percentiles1": {
        "total": 40449,
        "ok": 721,
        "ko": 48980
    },
    "percentiles2": {
        "total": 73449,
        "ok": 29571,
        "ko": 81817
    },
    "percentiles3": {
        "total": 93746,
        "ok": 74512,
        "ko": 94433
    },
    "percentiles4": {
        "total": 97240,
        "ok": 94228,
        "ko": 97651
    },
    "group1": {
    "name": "t < 800 ms",
    "count": 47721,
    "percentage": 13
},
    "group2": {
    "name": "800 ms < t < 1200 ms",
    "count": 3431,
    "percentage": 1
},
    "group3": {
    "name": "t > 1200 ms",
    "count": 42420,
    "percentage": 11
},
    "group4": {
    "name": "failed",
    "count": 278232,
    "percentage": 75
},
    "meanNumberOfRequestsPerSecond": {
        "total": 548.3834808259587,
        "ok": 138.0117994100295,
        "ko": 410.37168141592923
    }
}