{
    "name": "Global Information",
    "numberOfRequests": {
        "total": 371804,
        "ok": 5286,
        "ko": 366518
    },
    "minResponseTime": {
        "total": 0,
        "ok": 107,
        "ko": 0
    },
    "maxResponseTime": {
        "total": 87001,
        "ok": 84835,
        "ko": 87001
    },
    "meanResponseTime": {
        "total": 18926,
        "ok": 5886,
        "ko": 19114
    },
    "standardDeviation": {
        "total": 11808,
        "ok": 12049,
        "ko": 11699
    },
    "percentiles1": {
        "total": 18361,
        "ok": 151,
        "ko": 18542
    },
    "percentiles2": {
        "total": 24295,
        "ok": 10790,
        "ko": 24385
    },
    "percentiles3": {
        "total": 44462,
        "ok": 18023,
        "ko": 44505
    },
    "percentiles4": {
        "total": 52851,
        "ok": 68060,
        "ko": 52767
    },
    "group1": {
    "name": "t < 800 ms",
    "count": 3496,
    "percentage": 1
},
    "group2": {
    "name": "800 ms < t < 1200 ms",
    "count": 19,
    "percentage": 0
},
    "group3": {
    "name": "t > 1200 ms",
    "count": 1771,
    "percentage": 0
},
    "group4": {
    "name": "failed",
    "count": 366518,
    "percentage": 99
},
    "meanNumberOfRequestsPerSecond": {
        "total": 589.229793977813,
        "ok": 8.377179080824089,
        "ko": 580.8526148969889
    }
}